Workbook

Sheet Prediction
A1: CustomerID | B1: AveMonthSpend
A2: 18988 | D2: RMSE | E2: =IF(COUNTBLANK(B2:B501)=0,Actual!I2,"")
A3: 29135 | D3: Grade | E3: =IF(COUNTBLANK(B2:B501)=0,Actual!J2,"")
A4: 12156 | D4: Code for edX | E4: =IF(COUNTBLANK(B2:B501)=0,Actual!K2,"")
A5: 13749
A6: 27780
A7: 16375
A8: 16109
A9: 15606
A10: 20888
A11: 20716
A12: 21311
A13: 21741
A14: 20101
A15: 28302
A16: 14515
... A501: 29068

Sheet Actual
A1: CustomerID | B1: AveMonthSpend | E1: Error | F1: Sq. Error | G1: Sum. Sq. Error | H1: Mean Sq. Error | I1: RMSE | J1: Grade | K1: Code
A2: 18988 | B2: 46 | E2: =B2-Prediction!B2 -> 46 | F2: =E2^2 -> 2116 | G2: =SUM(F2:F501) -> 3205293 | H2: =G2/500 -> 6410.586 | I2: =SQRT(H2) -> 80.066135 | J2: =INDEX($O$2:$O$9,MATCH(I2,$M$2:$M$9,1)) -> 0 | K2: =VLOOKUP(J2,O2:P8,2,FALSE) -> #N/A | M2: 0 | N2: =M3 -> 3.1 | O2: 100 | P2: 07e41ab1-7103-407e-80f0-55b0b11bdba6
A3: 29135 | B3: 112 | E3: =B3-Prediction!B3 -> 112 | F3: =E3^2 -> 12544 | M3: 3.1 | N3: =M4 -> 3.2 | O3: 97 | P3: 7262344b-f55e-40cd-9a36-67893933a436
A4: 12156 | B4: 50 | E4: =B4-Prediction!B4 -> 50 | F4: =E4^2 -> 2500 | M4: 3.2 | N4: =M5 -> 3.3 | O4: 95 | P4: 7fba9ee0-7c60-4f30-ac9d-e05248211940
A5: 13749 | B5: 88 | E5: =B5-Prediction!B5 -> 88 | F5: =E5^2 -> 7744 | M5: 3.3 | N5: =M6 -> 3.8 | O5: 90 | P5: b0ecb16f-3545-4300-9fae-67be2905d78b
A6: 27780 | B6: 59 | E6: =B6-Prediction!B6 -> 59 | F6: =E6^2 -> 3481 | M6: 3.8 | N6: =M7 -> 8 | O6: 85 | P6: 8a26e239-bbbf-455f-aab9-993ae74d5676
A7: 16375 | B7: 41 | E7: =B7-Prediction!B7 -> 41 | F7: =E7^2 -> 1681 | M7: 8 | N7: =M8 -> 30 | O7: 50 | P7: 12d17c87-8d2a-4a9d-9e62-f98d6721cb3c
A8: 16109 | B8: 103 | E8: =B8-Prediction!B8 -> 103 | F8: =E8^2 -> 10609 | M8: 30 | N8: =M9 -> 70 | O8: 30 | P8: fe36f272-e211-4318-b00c-274608aefe8a
A9: 15606 | B9: 140 | E9: =B9-Prediction!B9 -> 140 | F9: =E9^2 -> 19600 | M9: 70 | N9: 100 | O9: 0
A10: 20888 | B10: 94 | E10: =B10-Prediction!B10 -> 94 | F10: =E10^2 -> 8836
A11: 20716 | B11: 57 | E11: =B11-Prediction!B11 -> 57 | F11: =E11^2 -> 3249
A12: 21311 | B12: 56 | E12: =B12-Prediction!B12 -> 56 | F12: =E12^2 -> 3136
A13: 21741 | B13: 48 | E13: =B13-Prediction!B13 -> 48 | F13: =E13^2 -> 2304
A14: 20101 | B14: 74 | E14: =B14-Prediction!B14 -> 74 | F14: =E14^2 -> 5476
A15: 28302 | B15: 52 | E15: =B15-Prediction!B15 -> 52 | F15: =E15^2 -> 2704
A16: 14515 | B16: 43 | E16: =B16-Prediction!B16 -> 43 | F16: =E16^2 -> 1849
A17: 11674 | B17: 51 | E17: =B17-Prediction!B17 -> 51 | F17: =E17^2 -> 2601
A18: 11539 | B18: 85 | E18: =B18-Prediction!B18 -> 85 | F18: =E18^2 -> 7225
A19: 14290 | B19: 76 | E19: =B19-Prediction!B19 -> 76 | F19: =E19^2 -> 5776
A20: 20615 | B20: 99 | E20: =B20-Prediction!B20 -> 99 | F20: =E20^2 -> 9801
A21: 14818 | B21: 56 | E21: =B21-Prediction!B21 -> 56 | F21: =E21^2 -> 3136
... A501: 29068 | B501: 39 | E501: =B501-Prediction!B501 -> 39 | F501: =E501^2 -> 1521
